{
    "LambdaFunctionConfigurations": [
        {
            "Id": "s3PayrollFunctionObjectCreation",
            "LambdaFunctionArn": "arn:aws:lambda:us-west-1:accountnumber:function:PayrollProcessing",
            "Events": [
                "s3:ObjectCreated:*"
            ],
            "Filter": {
                "Key": {
                    "FilterRules": [
                        {
                            "Name": "suffix",
                            "Value": ".csv"
                        }
                    ]
                }
            }
        }
    ]
}